{
  "courses": [
    {
      "id": 1,
      "title": "json-server",
      "author": "unknown"
    },
    {
      "title": "Angular",
      "author": "Dan Wahlin",
      "id": 3
    },
    {
      "title": "React",
      "author": "React Author",
      "id": 4
    },
    {
      "title": "NewTitle",
      "author": "snackbar",
      "id": 5
    },
    {
      "title": "NewTitle",
      "author": "snackbar",
      "id": 6
    },
    {
      "title": "Bootstrap Alert",
      "author": "test it out",
      "id": 7
    }
  ]
}